Solvent,Solvent_formula,Solvent_SMILES,Correct_formula,InChi,InChiKey
"Methane, trichloro",CHCl3,ClC(Cl)Cl,Yes,InChI=1S/CHCl3/c2-1(3)4/h1H,HEDRZPFGACZZDS-UHFFFAOYSA-N
"Acetic acid, nitrile",C2H3N,CC#N,Yes,InChI=1S/C2H3N/c1-2-3/h1H3,WEVYAHXRMPXWCK-UHFFFAOYSA-N
"Ethane, 1,2-dichloro",C2H4Cl2,ClCCCl,Yes,InChI=1S/C2H4Cl2/c3-1-2-4/h1-2H2,WSLDOOZREJYCGB-UHFFFAOYSA-N
"Formic acid, amide, N,N-dimethyl",C3H7NO,CN(C)C=O,Yes,"InChI=1S/C3H7NO/c1-4(2)3-5/h3H,1-2H3",ZMXDDKWLCZADIW-UHFFFAOYSA-N
2-Propanol,C3H8O,CC(C)O,Yes,"InChI=1S/C3H8O/c1-3(2)4/h3-4H,1-2H3",KFZMGEQAYNKOFK-UHFFFAOYSA-N
"Ethanol, 2-methoxy",C3H8O2,COCCO,Yes,"InChI=1S/C3H8O2/c1-5-3-2-4/h4H,2-3H2,1H3",XNWFRZJHXBZDAG-UHFFFAOYSA-N
2-Butanone,C4H8O,CCC(C)=O,Yes,"InChI=1S/C4H8O/c1-3-4(2)5/h3H2,1-2H3",ZWEHNKRNPOVVGH-UHFFFAOYSA-N
"Acetic acid, ethyl ester",C4H8O2,CCOC(C)=O,Yes,"InChI=1S/C4H8O2/c1-3-6-4(2)5/h3H2,1-2H3",XEKOWRVHYACXOJ-UHFFFAOYSA-N
1-Butanol,C4H10O,CCCCO,Yes,"InChI=1S/C4H10O/c1-2-3-4-5/h5H,2-4H2,1H3",LRHPLDYGYMQRHN-UHFFFAOYSA-N
"Ethanol, 2-ethoxy",C4H10O2,CCOCCO,Yes,"InChI=1S/C4H10O2/c1-2-6-4-3-5/h5H,2-4H2,1H3",ZNQVEEAIQZEUHB-UHFFFAOYSA-N
Benzene,C6H6,c1ccccc1,Yes,InChI=1S/C6H6/c1-2-4-6-5-3-1/h1-6H,UHOVQNZJYSORNB-UHFFFAOYSA-N
Cyclohexanone,C6H10O,O=C1CCCCC1,Yes,InChI=1S/C6H10O/c7-6-4-2-1-3-5-6/h1-5H2,JHIVVAPYMSGYDF-UHFFFAOYSA-N
Cyclohexane,C6H12,C1CCCCC1,Yes,InChI=1S/C6H12/c1-2-4-6-5-3-1/h1-6H2,XDTMQSROBMDMFD-UHFFFAOYSA-N
"2-Pentanone, 4-methyl",C6H12O,CC(=O)CC(C)C,Yes,"InChI=1S/C6H12O/c1-5(2)4-6(3)7/h5H,4H2,1-3H3",NTIZESTWPVYFNL-UHFFFAOYSA-N
"Acetic acid, butyl ester",C6H12O2,CCCCOC(C)=O,Yes,"InChI=1S/C6H12O2/c1-3-4-5-8-6(2)7/h3-5H2,1-2H3",DKPFZGUDAPQIHT-UHFFFAOYSA-N
Hexane,C6H14,CCCCCC,Yes,"InChI=1S/C6H14/c1-3-5-6-4-2/h3-6H2,1-2H3",VLKZOEOYAKHREP-UHFFFAOYSA-N
Toluene,C7H8,Cc1ccccc1,Yes,"InChI=1S/C7H8/c1-7-5-3-2-4-6-7/h2-6H,1H3",YXFVVABEGXRONW-UHFFFAOYSA-N
Ethanol,C2H6O,CCO,Yes,"InChI=1S/C2H6O/c1-2-3/h3H,2H2,1H3",LFQSCWFLJHTTHZ-UHFFFAOYSA-N
"Propane, 2-nitro",C3H7NO2,CC(C)[N+](=O)[O-],Yes,"InChI=1S/C3H7NO2/c1-3(2)4(5)6/h3H,1-2H3",FGLBSLMDCBOPQK-UHFFFAOYSA-N
"Furane, tetrahydro",C4H8O,C1CCOC1,Yes,InChI=1S/C4H8O/c1-2-4-5-3-1/h1-4H2,WYURNTSHIVDZCO-UHFFFAOYSA-N
Methanol,CH4O,CO,Yes,"InChI=1S/CH4O/c1-2/h2H,1H3",OKKJLVBELUTLKV-UHFFFAOYSA-N
"1,2-Ethanediol",C2H6O2,OCCO,Yes,"InChI=1S/C2H6O2/c3-1-2-4/h3-4H,1-2H2",LYCAIKOWRPUZTN-UHFFFAOYSA-N
"Acetic acid, amide, N,N-dimethyl",C4H9NO,CC(=O)N(C)C,Yes,InChI=1S/C4H9NO/c1-4(6)5(2)3/h1-3H3,FXHOOIRPVKKKFG-UHFFFAOYSA-N
Aniline,C6H7N,Nc1ccccc1,Yes,"InChI=1S/C6H7N/c7-6-4-2-1-3-5-6/h1-5H,7H2",PAYRUJLWNCNPSJ-UHFFFAOYSA-N
Benzaldehyde,C7H6O,O=Cc1ccccc1,Yes,InChI=1S/C7H6O/c8-6-7-4-2-1-3-5-7/h1-6H,HUMNYLRZRPPJDN-UHFFFAOYSA-N
"Benzene, butyl",C10H14,CCCCc1ccccc1,Yes,"InChI=1S/C10H14/c1-2-3-7-10-8-5-4-6-9-10/h4-6,8-9H,2-3,7H2,1H3",OCKPCBLVNKHBMX-UHFFFAOYSA-N
Dodecane,C12H26,CCCCCCCCCCCC,Yes,"InChI=1S/C12H26/c1-3-5-7-9-11-12-10-8-6-4-2/h3-12H2,1-2H3",SNRUBQQJIBEYMU-UHFFFAOYSA-N
Tetradecane,C14H30,CCCCCCCCCCCCCC,Yes,"InChI=1S/C14H30/c1-3-5-7-9-11-13-14-12-10-8-6-4-2/h3-14H2,1-2H3",BGHCVCJVXZWKCC-UHFFFAOYSA-N
Hexadecane,C16H34,CCCCCCCCCCCCCCCC,Yes,"InChI=1S/C16H34/c1-3-5-7-9-11-13-15-16-14-12-10-8-6-4-2/h3-16H2,1-2H3",DCAYPVUWAIABOU-UHFFFAOYSA-N
"1,4-Dioxane",C4H8O2,C1COCCO1,Yes,InChI=1S/C4H8O2/c1-2-6-4-3-5-1/h1-4H2,RYHBNJHYFVUHQT-UHFFFAOYSA-N
"Benzene, 1,2-dichloro",C6H4Cl2,Clc1ccccc1Cl,Yes,InChI=1S/C6H4Cl2/c7-5-3-1-2-4-6(5)8/h1-4H,RFFLAFLAYFXFSW-UHFFFAOYSA-N
"Benzene, chloro",C6H5Cl,Clc1ccccc1,Yes,InChI=1S/C6H5Cl/c7-6-4-2-1-3-5-6/h1-5H,MVPPADPHJFYWMZ-UHFFFAOYSA-N
"Benzene, 1,4-dimethyl",C8H10,Cc1ccc(C)cc1,Yes,"InChI=1S/C8H10/c1-7-3-5-8(2)6-4-7/h3-6H,1-2H3",URLKBWYHVLBVBO-UHFFFAOYSA-N
"Benzene, ethyl",C8H10,CCc1ccccc1,Yes,"InChI=1S/C8H10/c1-2-8-6-4-3-5-7-8/h3-7H,2H2,1H3",YNQLUTRBYVCPMQ-UHFFFAOYSA-N
"Diethyleneglycol, diethyl ether",C8H18O3,CCOCCOCCOCC,Yes,"InChI=1S/C8H18O3/c1-3-9-5-7-11-8-6-10-4-2/h3-8H2,1-2H3",RRQYJINTUHWNHW-UHFFFAOYSA-N
Tetralin,C10H12,c1ccc2c(c1)CCCC2,Yes,"InChI=1S/C10H12/c1-2-6-10-8-4-3-7-9(10)5-1/h1-2,5-6H,3-4,7-8H2",CXWXQJXEFPUFDZ-UHFFFAOYSA-N
"Methane, tetrachloro",CCl4,ClC(Cl)(Cl)Cl,Yes,"InChI=1S/CCl4/c2-1(3,4)5",VZGDMQKNWNREIO-UHFFFAOYSA-N
"Methane, dichloro",CH2Cl2,ClCCl,Yes,InChI=1S/CH2Cl2/c2-1-3/h1H2,YMWUJEATGCHHMB-UHFFFAOYSA-N
2-Propanone,C3H6O,CC(C)=O,Yes,InChI=1S/C3H6O/c1-3(2)4/h1-2H3,CSCPPACGZOOCGX-UHFFFAOYSA-N
"Formic acid, ethyl ester",C3H6O2,CCOC=O,Yes,"InChI=1S/C3H6O2/c1-2-5-3-4/h3H,2H2,1H3",WBJINCZRORDGAQ-UHFFFAOYSA-N
1-Propanol,C3H8O,CCCO,Yes,"InChI=1S/C3H8O/c1-2-3-4/h4H,2-3H2,1H3",BDERNNFJNOPAEC-UHFFFAOYSA-N
Pentane,C5H12,CCCCC,Yes,"InChI=1S/C5H12/c1-3-5-4-2/h3-5H2,1-2H3",OFBQJSOFQDEBGM-UHFFFAOYSA-N
Benzyl alcohol,C7H8O,OCc1ccccc1,Yes,"InChI=1S/C7H8O/c8-6-7-4-2-1-3-5-7/h1-5,8H,6H2",WVDDGKGOMKODPV-UHFFFAOYSA-N
Heptane,C7H16,CCCCCCC,Yes,"InChI=1S/C7H16/c1-3-5-7-6-4-2/h3-7H2,1-2H3",IMNFDUFMRHMDMM-UHFFFAOYSA-N
"Butane, 1-chloro",C4H9Cl,CCCCCl,Yes,"InChI=1S/C4H9Cl/c1-2-3-4-5/h2-4H2,1H3",VFWCMGCRMGJXDK-UHFFFAOYSA-N
1-Octene,C8H16,C=CCCCCCC,Yes,"InChI=1S/C8H16/c1-3-5-7-8-6-4-2/h3H,1,4-8H2,2H3",KWKAKUADMBZCLK-UHFFFAOYSA-N
Octane,C8H18,CCCCCCCC,Yes,"InChI=1S/C8H18/c1-3-5-7-8-6-4-2/h3-8H2,1-2H3",TVMXDCGIABBOFY-UHFFFAOYSA-N
Butyl acrylate,C7H12O2,C=CC(=O)OCCCC,Yes,"InChI=1S/C7H12O2/c1-3-5-6-9-7(8)4-2/h4H,2-3,5-6H2,1H3",CQEYYJKEWSMYFG-UHFFFAOYSA-N
"Ethene, trichloro",C2HCl3,ClC=C(Cl)Cl,Yes,InChI=1S/C2HCl3/c3-1-2(4)5/h1H,XSTXAVWGXDQKEL-UHFFFAOYSA-N
Acetic acid,C2H4O2,CC(=O)O,Yes,"InChI=1S/C2H4O2/c1-2(3)4/h1H3,(H,3,4)",QTBSBXVTEAMEQO-UHFFFAOYSA-N
2-Pentanone,C5H10O,CCCC(C)=O,Yes,"InChI=1S/C5H10O/c1-3-4-5(2)6/h3-4H2,1-2H3",XNLICIUVMPYHGG-UHFFFAOYSA-N
Phenol,C6H6O,Oc1ccccc1,Yes,"InChI=1S/C6H6O/c7-6-4-2-1-3-5-6/h1-5,7H",ISWSIDIOOBJBQZ-UHFFFAOYSA-N
Cyclohexanol,C6H12O,OC1CCCCC1,Yes,"InChI=1S/C6H12O/c7-6-4-2-1-3-5-6/h6-7H,1-5H2",HPXRVTGHNJAIIH-UHFFFAOYSA-N
"Heptane, 2-methyl",C8H18,CCCCCC(C)C,Yes,"InChI=1S/C8H18/c1-4-5-6-7-8(2)3/h8H,4-7H2,1-3H3",JVSWJIKNEAIKJW-UHFFFAOYSA-N
"Pentane, 2,2,4-trimethyl",C8H18,CC(C)CC(C)(C)C,Yes,"InChI=1S/C8H18/c1-7(2)6-8(3,4)5/h7H,6H2,1-5H3",NHTMVDHEPJAVLT-UHFFFAOYSA-N
Nonane,C9H20,CCCCCCCCC,Yes,"InChI=1S/C9H20/c1-3-5-7-9-8-6-4-2/h3-9H2,1-2H3",BKIMMITUMNQMOS-UHFFFAOYSA-N
"Benzene, tert-butyl",C10H14,CC(C)(C)c1ccccc1,Yes,"InChI=1S/C10H14/c1-10(2,3)9-7-5-4-6-8-9/h4-8H,1-3H3",YTZKOQUCBOVLHL-UHFFFAOYSA-N
"Cyclohexane, butyl",C10H20,CCCCC1CCCCC1,Yes,"InChI=1S/C10H20/c1-2-3-7-10-8-5-4-6-9-10/h10H,2-9H2,1H3",GGBJHURWWWLEQH-UHFFFAOYSA-N
Decane,C10H22,CCCCCCCCCC,Yes,"InChI=1S/C10H22/c1-3-5-7-9-10-8-6-4-2/h3-10H2,1-2H3",DIOQZVSQGTUSAI-UHFFFAOYSA-N
"Heptane, 3,4,5-trimethyl",C10H22,CCC(C)C(C)C(C)CC,Yes,"InChI=1S/C10H22/c1-6-8(3)10(5)9(4)7-2/h8-10H,6-7H2,1-5H3",LJIIBBYARMPSMT-UHFFFAOYSA-N
"Ethane, 1,1,1-trichloro",C2H3Cl3,CC(Cl)(Cl)Cl,Yes,"InChI=1S/C2H3Cl3/c1-2(3,4)5/h1H3",UOCLXMDMGBRAIB-UHFFFAOYSA-N
"Ethane, 1,1-dichloro",C2H4Cl2,CC(Cl)Cl,Yes,"InChI=1S/C2H4Cl2/c1-2(3)4/h2H,1H3",SCYULBFZEHDVBN-UHFFFAOYSA-N
"Acetic acid, methyl ester",C3H6O2,COC(C)=O,Yes,InChI=1S/C3H6O2/c1-3(4)5-2/h1-2H3,KXKVLQRXCPHEJC-UHFFFAOYSA-N
Pyridine,C5H5N,c1ccncc1,Yes,InChI=1S/C5H5N/c1-2-4-6-5-3-1/h1-5H,JUJWROOIHBZHMG-UHFFFAOYSA-N
"Acetic acid, propyl ester",C5H10O2,CCCOC(C)=O,Yes,"InChI=1S/C5H10O2/c1-3-4-7-5(2)6/h3-4H2,1-2H3",YKYONYBAUNKHLG-UHFFFAOYSA-N
"Pentane, 1-chloro",C5H11Cl,CCCCCCl,Yes,"InChI=1S/C5H11Cl/c1-2-3-4-5-6/h2-5H2,1H3",SQCZQTSHSZLZIQ-UHFFFAOYSA-N
"Benzene, fluoro",C6H5F,Fc1ccccc1,Yes,InChI=1S/C6H5F/c7-6-4-2-1-3-5-6/h1-5H,PYLWMHQQBFSUBP-UHFFFAOYSA-N
Cyclohexene,C6H10,C1=CCCCC1,Yes,"InChI=1S/C6H10/c1-2-4-6-5-3-1/h1-2H,3-6H2",HGCIXCUEYOPUTN-UHFFFAOYSA-N
Cyclopentane,C5H10,C1CCCC1,Yes,InChI=1S/C5H10/c1-2-4-5-3-1/h1-5H2,RGSFGYAAUTVSQA-UHFFFAOYSA-N
"Butane, 2-methyl",C5H12,CCC(C)C,Yes,"InChI=1S/C5H12/c1-4-5(2)3/h5H,4H2,1-3H3",QWTDNUCVQCZILF-UHFFFAOYSA-N
"Pentane, 2-methyl",C6H14,CCCC(C)C,Yes,"InChI=1S/C6H14/c1-4-5-6(2)3/h6H,4-5H2,1-3H3",AFABGHUZZDYHJO-UHFFFAOYSA-N
"Pentane, 3-methyl",C6H14,CCC(C)CC,Yes,"InChI=1S/C6H14/c1-4-6(3)5-2/h6H,4-5H2,1-3H3",PFEOZHBOMNWTJB-UHFFFAOYSA-N
"Disiloxane, hexamethyl",C6H18OSi2,C[Si](C)(C)O[Si](C)(C)C,Yes,"InChI=1S/C6H18OSi2/c1-8(2,3)7-9(4,5)6/h1-6H3",UQEAIHBTYFGYIE-UHFFFAOYSA-N
Cycloheptane,C7H14,C1CCCCCC1,Yes,InChI=1S/C7H14/c1-2-4-6-7-5-3-1/h1-7H2,DMEGYFMYUHOHGS-UHFFFAOYSA-N
"Cyclohexane, methyl",C7H14,CC1CCCCC1,Yes,"InChI=1S/C7H14/c1-7-5-3-2-4-6-7/h7H,2-6H2,1H3",UAEPNZWRGJTJPN-UHFFFAOYSA-N
"Hexane, 2-methyl",C7H16,CCCCC(C)C,Yes,"InChI=1S/C7H16/c1-4-5-6-7(2)3/h7H,4-6H2,1-3H3",GXDHCNNESPLIKD-UHFFFAOYSA-N
"Hexane, 3-methyl",C7H16,CCCC(C)CC,Yes,"InChI=1S/C7H16/c1-4-6-7(3)5-2/h7H,4-6H2,1-3H3",VLJXXKKOSFGPHI-UHFFFAOYSA-N
"Pentane, 2,4-dimethyl",C7H16,CC(C)CC(C)C,Yes,"InChI=1S/C7H16/c1-6(2)5-7(3)4/h6-7H,5H2,1-4H3",BZHMBWZPUJHVEE-UHFFFAOYSA-N
"Benzene, 1,2-dimethyl",C8H10,Cc1ccccc1C,Yes,"InChI=1S/C8H10/c1-7-5-3-4-6-8(7)2/h3-6H,1-2H3",CTQNGGLPUBDAKN-UHFFFAOYSA-N
"Benzene, 1,3-dimethyl",C8H10,Cc1cccc(C)c1,Yes,"InChI=1S/C8H10/c1-7-4-3-5-8(2)6-7/h3-6H,1-2H3",IVSZLXZYQVIEFR-UHFFFAOYSA-N
Cyclooctane,C8H16,C1CCCCCCC1,Yes,InChI=1S/C8H16/c1-2-4-6-8-7-5-3-1/h1-8H2,WJTCGQSWYFHTAC-UHFFFAOYSA-N
"Benzene, 1,3,5-trimethyl",C9H12,Cc1cc(C)cc(C)c1,Yes,"InChI=1S/C9H12/c1-7-4-8(2)6-9(3)5-7/h4-6H,1-3H3",AUHZEENZYGFFBQ-UHFFFAOYSA-N
Glycerol triacetate,C9H14O6,CC(=O)OCC(COC(C)=O)OC(C)=O,Yes,"InChI=1S/C9H14O6/c1-6(10)13-4-9(15-8(3)12)5-14-7(2)11/h9H,4-5H2,1-3H3",URAYPUMNDPQOKB-UHFFFAOYSA-N
"2-Propanol, 2-methyl",C4H10O,CC(C)(C)O,Yes,"InChI=1S/C4H10O/c1-4(2,3)5/h5H,1-3H3",DKGAVHZHDRPRBM-UHFFFAOYSA-N
"Benzene, 1-chloro-4-fluoro",C6H4ClF,Fc1ccc(Cl)cc1,Yes,InChI=1S/C6H4ClF/c7-5-1-3-6(8)4-2-5/h1-4H,RJCGZNCCVKIBHO-UHFFFAOYSA-N
"Acetic acid, tert-butyl ester",C6H12O2,CC(=O)OC(C)(C)C,Yes,"InChI=1S/C6H12O2/c1-5(7)8-6(2,3)4/h1-4H3",WMOVHXAZOJBABW-UHFFFAOYSA-N
Undecane,C11H24,CCCCCCCCCCC,Yes,"InChI=1S/C11H24/c1-3-5-7-9-11-10-8-6-4-2/h3-11H2,1-2H3",RSJKGSCJYJTIGS-UHFFFAOYSA-N
Methyl chloride,CH3Cl,CCl,Yes,InChI=1S/CH3Cl/c1-2/h1H3,NEHMKBQYUWJMIP-UHFFFAOYSA-N
Carbon dioxide,CO2,O=C=O,Yes,InChI=1S/CO2/c2-1-3,CURLTUGMZLYLDI-UHFFFAOYSA-N
Ethene,C2H4,C=C,Yes,InChI=1S/C2H4/c1-2/h1-2H2,VGGSQFUCUMXWEO-UHFFFAOYSA-N
Ethane,C2H6,CC,Yes,InChI=1S/C2H6/c1-2/h1-2H3,OTMSDBZUPAUEDD-UHFFFAOYSA-N
"Acetic acid, ethenyl ester",C4H6O2,C=COC(C)=O,Yes,"InChI=1S/C4H6O2/c1-3-6-4(2)5/h3H,1H2,2H3",XTXRWKRVRITETP-UHFFFAOYSA-N
Butane,C4H10,CCCC,Yes,"InChI=1S/C4H10/c1-3-4-2/h3-4H2,1-2H3",IJDNQMDRQITEOD-UHFFFAOYSA-N
"Heptane, 3-methyl",C8H18,CCCCC(C)CC,Yes,"InChI=1S/C8H18/c1-4-6-7-8(3)5-2/h8H,4-7H2,1-3H3",LAIUFBWHERIJIH-UHFFFAOYSA-N
"Hexane, 2,4-dimethyl",C8H18,CCC(C)CC(C)C,Yes,"InChI=1S/C8H18/c1-5-8(4)6-7(2)3/h7-8H,5-6H2,1-4H3",HDGQICNBXPAKLR-UHFFFAOYSA-N
"Hexane, 2,5-dimethyl",C8H18,CC(C)CCC(C)C,Yes,"InChI=1S/C8H18/c1-7(2)5-6-8(3)4/h7-8H,5-6H2,1-4H3",UWNADWZGEHDQAB-UHFFFAOYSA-N
"Hexane, 3,4-dimethyl",C8H18,CCC(C)C(C)CC,Yes,"InChI=1S/C8H18/c1-5-7(3)8(4)6-2/h7-8H,5-6H2,1-4H3",RNTWWGNZUXGTAX-UHFFFAOYSA-N
"Benzene, isopropyl",C9H12,CC(C)c1ccccc1,Yes,"InChI=1S/C9H12/c1-8(2)9-6-4-3-5-7-9/h3-8H,1-2H3",RWGFKTVRMDUZSP-UHFFFAOYSA-N
1-Nonene,C9H18,C=CCCCCCCC,Yes,"InChI=1S/C9H18/c1-3-5-7-9-8-6-4-2/h3H,1,4-9H2,2H3",JRZJOMJEPLMPRA-UHFFFAOYSA-N
"Hexane, 2,2,4-trimethyl",C9H20,CCC(C)CC(C)(C)C,Yes,"InChI=1S/C9H20/c1-6-8(2)7-9(3,4)5/h8H,6-7H2,1-5H3",AFTPEBDOGXRMNQ-UHFFFAOYSA-N
Decalin (cis),C10H18,C1CC[C@H]2CCCC[C@H]2C1,Yes,"InChI=1S/C10H18/c1-2-6-10-8-4-3-7-9(10)5-1/h9-10H,1-8H2/t9-,10+",NNBZCPXTIHJBJL-AOOOYVTPSA-N
Decalin (trans),C10H18,C1CC[C@H]2CCCC[C@@H]2C1,Yes,"InChI=1S/C10H18/c1-2-6-10-8-4-3-7-9(10)5-1/h9-10H,1-8H2/t9-,10-",NNBZCPXTIHJBJL-MGCOHNPYSA-N
Sulfurdioxide,SO2,O=S=O,No,InChI=1S/O2S/c1-3-2,RAHZWNYVWXNFOC-UHFFFAOYSA-N
"Methane, nitro",CH3NO2,C[N+](=O)[O-],Yes,InChI=1S/CH3NO2/c1-2(3)4/h1H3,LYGJENNIWJXYER-UHFFFAOYSA-N
"Ethene, 1,1-dichloro",C2H2Cl2,C=C(Cl)Cl,Yes,InChI=1S/C2H2Cl2/c1-2(3)4/h1H2,LGXVIGDEPROXKC-UHFFFAOYSA-N
"Ethane, 1,1,2-trichloro",C2H3Cl3,ClCC(Cl)Cl,Yes,"InChI=1S/C2H3Cl3/c3-1-2(4)5/h2H,1H2",UBOXGVDOUJQMTN-UHFFFAOYSA-N
"Ethanol, 2,2,2-trifluoro",C2H3F3O,OCC(F)(F)F,Yes,"InChI=1S/C2H3F3O/c3-2(4,5)1-6/h6H,1H2",RHQDFWAXVIIEBN-UHFFFAOYSA-N
2-Butanol,C4H10O,CCC(C)O,Yes,"InChI=1S/C4H10O/c1-3-4(2)5/h4-5H,3H2,1-2H3",BTANRVKWQNVYAZ-UHFFFAOYSA-N
"Ether, diethyl",C4H10O,CCOCC,Yes,"InChI=1S/C4H10O/c1-3-5-4-2/h3-4H2,1-2H3",RTZKZFJDLAIYFH-UHFFFAOYSA-N
"1,2-Ethanediol, dimethyl ether",C4H10O2,COCCOC,Yes,"InChI=1S/C4H10O2/c1-5-3-4-6-2/h3-4H2,1-2H3",XTHFKEDIFFGKHM-UHFFFAOYSA-N
1-Hexene,C6H12,C=CCCCC,Yes,"InChI=1S/C6H12/c1-3-5-6-4-2/h3H,1,4-6H2,2H3",LIKMAJRDDDTEIG-UHFFFAOYSA-N
"Diethyleneglycol, dimethyl ether",C6H14O3,COCCOCCOC,Yes,"InChI=1S/C6H14O3/c1-7-3-5-9-6-4-8-2/h3-6H2,1-2H3",SBZXBUIDTXKZTM-UHFFFAOYSA-N
2-Heptene,C7H14,CC=CCCCC,Yes,"InChI=1S/C7H14/c1-3-5-7-6-4-2/h3,5H,4,6-7H2,1-2H3",OTTZHAVKAVGASB-UHFFFAOYSA-N
3-Heptanone,C7H14O,CCCCC(=O)CC,Yes,"InChI=1S/C7H14O/c1-3-5-6-7(8)4-2/h3-6H2,1-2H3",NGAZZOYFWWSOGK-UHFFFAOYSA-N
Water,H2O,O,Yes,InChI=1S/H2O/h1H2,XLYOFNOQVPJJNP-UHFFFAOYSA-N
"Ethane, nitro",C2H5NO2,CC[N+](=O)[O-],Yes,"InChI=1S/C2H5NO2/c1-2-3(4)5/h2H2,1H3",MCSAJNNLRCFZED-UHFFFAOYSA-N
"Propenoic acid, nitrile",C3H3N,C=CC#N,Yes,"InChI=1S/C3H3N/c1-2-3-4/h2H,1H2",NLHHRLWOUZZQLW-UHFFFAOYSA-N
"Propanoic acid, nitrile",C3H5N,CCC#N,Yes,"InChI=1S/C3H5N/c1-2-3-4/h2H2,1H3",FVSKHRXBFJPNKK-UHFFFAOYSA-N
Propanoic acid,C3H6O2,CCC(=O)O,Yes,"InChI=1S/C3H6O2/c1-2-3(4)5/h2H2,1H3,(H,4,5)",XBDQKXXYIPTUBI-UHFFFAOYSA-N
"Propane, 1-nitro",C3H7NO2,CCC[N+](=O)[O-],Yes,"InChI=1S/C3H7NO2/c1-2-3-4(5)6/h2-3H2,1H3",JSZOAYXJRCEYSX-UHFFFAOYSA-N
Butanal,C4H8O,CCCC=O,Yes,"InChI=1S/C4H8O/c1-2-3-4-5/h4H,2-3H2,1H3",ZTQSAGDEMFDKMZ-UHFFFAOYSA-N
"Butane, 1-bromo",C4H9Br,CCCCBr,Yes,"InChI=1S/C4H9Br/c1-2-3-4-5/h2-4H2,1H3",MPPPKRYCTPRNTB-UHFFFAOYSA-N
"Amine, butyl",C4H11N,CCCCN,Yes,"InChI=1S/C4H11N/c1-2-3-4-5/h2-5H2,1H3",HQABUPZFAYXKJW-UHFFFAOYSA-N
1-Pentanol,C5H12O,CCCCCO,Yes,"InChI=1S/C5H12O/c1-2-3-4-5-6/h6H,2-5H2,1H3",AMQJEAYHLZJPGS-UHFFFAOYSA-N
"Benzene, bromo",C6H5Br,Brc1ccccc1,Yes,InChI=1S/C6H5Br/c7-6-4-2-1-3-5-6/h1-5H,QARVLSVVCXYDNA-UHFFFAOYSA-N
"Ether, dipropyl",C6H14O,CCCOCCC,Yes,"InChI=1S/C6H14O/c1-3-5-7-6-4-2/h3-6H2,1-2H3",POLCUAVZOMRGSN-UHFFFAOYSA-N
"Cyclohexane, ethyl",C8H16,CCC1CCCCC1,Yes,"InChI=1S/C8H16/c1-2-8-6-4-3-5-7-8/h8H,2-7H2,1H3",IIEWJVIFRVWJOD-UHFFFAOYSA-N
"Diethyleneglycol, monomethyl ether",C5H12O3,COCCOCCO,Yes,"InChI=1S/C5H12O3/c1-7-4-5-8-3-2-6/h6H,2-5H2,1H3",SBASXUCJHJRPEV-UHFFFAOYSA-N
"Benzene, pentyl",C11H16,CCCCCc1ccccc1,Yes,"InChI=1S/C11H16/c1-2-3-5-8-11-9-6-4-7-10-11/h4,6-7,9-10H,2-3,5,8H2,1H3",PWATWSYOIIXYMA-UHFFFAOYSA-N
"Hexane, 2,2,5-trimethyl",C9H20,CC(C)CCC(C)(C)C,Yes,"InChI=1S/C9H20/c1-8(2)6-7-9(3,4)5/h8H,6-7H2,1-5H3",HHOSMYBYIHNXNO-UHFFFAOYSA-N
Naphthalene,C10H8,c1ccc2ccccc2c1,Yes,InChI=1S/C10H8/c1-2-6-10-8-4-3-7-9(10)5-1/h1-8H,UFWIBTONFRDIAS-UHFFFAOYSA-N
"Hexane, 3,3,4,4-tetramethyl",C10H22,CCC(C)(C)C(C)(C)CC,Yes,"InChI=1S/C10H22/c1-7-9(3,4)10(5,6)8-2/h7-8H2,1-6H3",MCEYLFHKATVXLN-UHFFFAOYSA-N
"Propenoic acid, 2-methyl, methyl ester",C5H8O2,C=C(C)C(=O)OC,Yes,"InChI=1S/C5H8O2/c1-4(2)5(6)7-3/h1H2,2-3H3",VVQNEPGJFQJSBK-UHFFFAOYSA-N
3-Pentanone,C5H10O,CCC(=O)CC,Yes,"InChI=1S/C5H10O/c1-3-5(6)4-2/h3-4H2,1-2H3",FDPIMTJIUBPUKL-UHFFFAOYSA-N
Hexanone (isomer not specified),C6H12O,CCCCC(C)=O,Yes,"InChI=1S/C6H12O/c1-3-4-5-6(2)7/h3-5H2,1-2H3",QQZOPKMRPOGIEB-UHFFFAOYSA-N
Acetophenone,C8H8O,CC(=O)c1ccccc1,Yes,"InChI=1S/C8H8O/c1-7(9)8-5-3-2-4-6-8/h2-6H,1H3",KWOLFJPFCHCOCG-UHFFFAOYSA-N
"Octane, 1-chloro",C8H17Cl,CCCCCCCCCl,Yes,"InChI=1S/C8H17Cl/c1-2-3-4-5-6-7-8-9/h2-8H2,1H3",CNDHHGUSRIZDSL-UHFFFAOYSA-N
"Decane, 1-chloro",C10H21Cl,CCCCCCCCCCCl,Yes,"InChI=1S/C10H21Cl/c1-2-3-4-5-6-7-8-9-10-11/h2-10H2,1H3",ZTEHOZMYMCEYRM-UHFFFAOYSA-N
1-Hexanol,C6H14O,CCCCCCO,Yes,"InChI=1S/C6H14O/c1-2-3-4-5-6-7/h7H,2-6H2,1H3",ZSIAUFGUXNUGDI-UHFFFAOYSA-N
1-Heptanol,C7H16O,CCCCCCCO,Yes,"InChI=1S/C7H16O/c1-2-3-4-5-6-7-8/h8H,2-7H2,1H3",BBMCTIGTTCKYKF-UHFFFAOYSA-N
1-Octanol,C8H18O,CCCCCCCCO,Yes,"InChI=1S/C8H18O/c1-2-3-4-5-6-7-8-9/h9H,2-8H2,1H3",KBPLFHHGFOOTCA-UHFFFAOYSA-N
1-Decanol,C10H22O,CCCCCCCCCCO,Yes,"InChI=1S/C10H22O/c1-2-3-4-5-6-7-8-9-10-11/h11H,2-10H2,1H3",MWKFXSUHUHTGQN-UHFFFAOYSA-N
Tridecane,C13H28,CCCCCCCCCCCCC,Yes,"InChI=1S/C13H28/c1-3-5-7-9-11-13-12-10-8-6-4-2/h3-13H2,1-2H3",IIYFAKIEWZDVMP-UHFFFAOYSA-N
"1,2,3-Propanetriyl trinitrate",C3H5N3O9,O=[N+]([O-])OCC(CO[N+](=O)[O-])O[N+](=O)[O-],Yes,"InChI=1S/C3H5N3O9/c7-4(8)13-1-3(15-6(11)12)2-14-5(9)10/h3H,1-2H2",SNIOPGDIGTZGOP-UHFFFAOYSA-N
"1,2,4-Butanetriyl trinitrate",C4H7N3O9,O=[N+]([O-])OCCC(CO[N+](=O)[O-])O[N+](=O)[O-],Yes,"InChI=1S/C4H7N3O9/c8-5(9)14-2-1-4(16-7(12)13)3-15-6(10)11/h4H,1-3H2",RDLIBIDNLZPAQD-UHFFFAOYSA-N
Dichlorodifluoromethane,CCl2F2,FC(F)(Cl)Cl,Yes,"InChI=1S/CCl2F2/c2-1(3,4)5",PXBRQCKWGAHEHS-UHFFFAOYSA-N
Trichlorofluoromethane,CCl3F,FC(Cl)(Cl)Cl,Yes,"InChI=1S/CCl3F/c2-1(3,4)5",CYRMSUTZVYGINF-UHFFFAOYSA-N
Difluorochloromethane,CHClF2,FC(F)Cl,Yes,InChI=1S/CHClF2/c2-1(3)4/h1H,VOPWNXZWBYDODV-UHFFFAOYSA-N
Chlorofluoromethane,CH2ClF,FCCl,Yes,InChI=1S/CH2ClF/c2-1-3/h1H2,XWCDCDSDNJVCLO-UHFFFAOYSA-N
"Formic acid, amide",CH3NO,NC=O,Yes,"InChI=1S/CH3NO/c2-1-3/h1H,(H2,2,3)",ZHNUHDYFZUAESO-UHFFFAOYSA-N
"Ethane, 1,1,2-trichloro-1,2,2-trifluoro",C2Cl3F3,FC(F)(Cl)C(F)(Cl)Cl,Yes,"InChI=1S/C2Cl3F3/c3-1(4,6)2(5,7)8",AJDIZQLSFPQPEY-UHFFFAOYSA-N
"Ethene, tetrachloro",C2Cl4,ClC(Cl)=C(Cl)Cl,Yes,InChI=1S/C2Cl4/c3-1(4)2(5)6,CYTYCFOTNPOANT-UHFFFAOYSA-N
Propane,C3H8,CCC,Yes,"InChI=1S/C3H8/c1-3-2/h3H2,1-2H3",ATUOYWHBWRKTHZ-UHFFFAOYSA-N
2-Methylpropane,C4H10,CC(C)C,Yes,"InChI=1S/C4H10/c1-4(2)3/h4H,1-3H3",NNPPMTNAJDCUHE-UHFFFAOYSA-N
"1-Propanol, 2-methyl",C4H10O,CC(C)CO,Yes,"InChI=1S/C4H10O/c1-4(2)3-5/h4-5H,3H2,1-2H3",ZXEKIIBDNHEJCQ-UHFFFAOYSA-N
"Benzene, nitro",C6H5NO2,O=[N+]([O-])c1ccccc1,Yes,InChI=1S/C6H5NO2/c8-7(9)6-4-2-1-3-5-6/h1-5H,LQNUZADURLCDLV-UHFFFAOYSA-N
"Ether, diisopropyl",C6H14O,CC(C)OC(C)C,Yes,"InChI=1S/C6H14O/c1-5(2)7-6(3)4/h5-6H,1-4H3",ZAFNJMIOTHYJRJ-UHFFFAOYSA-N
"Benzene, methoxy",C7H8O,COc1ccccc1,Yes,"InChI=1S/C7H8O/c1-8-7-5-3-2-4-6-7/h2-6H,1H3",RDOXTESZEPMUJZ-UHFFFAOYSA-N
"Toluene, alpha-hydroxy",C7H8O,OCc1ccccc1,Yes,"InChI=1S/C7H8O/c8-6-7-4-2-1-3-5-7/h1-5,8H,6H2",WVDDGKGOMKODPV-UHFFFAOYSA-N
Styrene,C8H8,C=Cc1ccccc1,Yes,"InChI=1S/C8H8/c1-2-8-6-4-3-5-7-8/h2-7H,1H2",PPBRXRYQALVLMV-UHFFFAOYSA-N
2-Octene (cis),C8H16,C/C=C\CCCCC,Yes,"InChI=1S/C8H16/c1-3-5-7-8-6-4-2/h3,5H,4,6-8H2,1-2H3/b5-3-",ILPBINAXDRFYPL-HYXAFXHYSA-N
"Benzene, propyl",C9H12,CCCc1ccccc1,Yes,"InChI=1S/C9H12/c1-2-6-9-7-4-3-5-8-9/h3-5,7-8H,2,6H2,1H3",ODLMAHJVESYWTB-UHFFFAOYSA-N
"Benzene, hexyl",C12H18,CCCCCCc1ccccc1,Yes,"InChI=1S/C12H18/c1-2-3-4-6-9-12-10-7-5-8-11-12/h5,7-8,10-11H,2-4,6,9H2,1H3",LTEQMZWBSYACLV-UHFFFAOYSA-N
Acetaldehyde,C2H4O,CC=O,Yes,"InChI=1S/C2H4O/c1-2-3/h2H,1H3",IKHGUXGNUITLKF-UHFFFAOYSA-N
"Sulfoxide, dimethyl",C2H6OS,CS(C)=O,Yes,InChI=1S/C2H6OS/c1-4(2)3/h1-2H3,IAZDPXIOMUYVGZ-UHFFFAOYSA-N
Allyl alcohol,C3H6O,C=CCO,Yes,"InChI=1S/C3H6O/c1-2-3-4/h2,4H,1,3H2",XXROGKLTLUQVRX-UHFFFAOYSA-N
Furane,C4H4O,c1ccoc1,Yes,InChI=1S/C4H4O/c1-2-4-5-3-1/h1-4H,YLQBMQCUIZJEEH-UHFFFAOYSA-N
"Sulfone, tetramethylene",C4H8O2S,O=S1(=O)CCCC1,Yes,InChI=1S/C4H8O2S/c5-7(6)3-1-2-4-7/h1-4H2,HXJUTPCZVOIRIF-UHFFFAOYSA-N
"2-Pyrrolidone, 1-methyl",C5H9NO,CN1CCCC1=O,Yes,"InChI=1S/C5H9NO/c1-6-4-2-3-5(6)7/h2-4H2,1H3",SECXISVLQFMRJM-UHFFFAOYSA-N
"Benzene, dimethyl (isomer not specified)",C8H10,Cc1cccc(C)c1,Yes,"InChI=1S/C8H10/c1-7-4-3-5-8(2)6-7/h3-6H,1-2H3",IVSZLXZYQVIEFR-UHFFFAOYSA-N
"Propane, 1-chloro",C3H7Cl,CCCCl,Yes,"InChI=1S/C3H7Cl/c1-2-3-4/h2-3H2,1H3",SNMVRZFUUCLYTO-UHFFFAOYSA-N
"Butanoic acid, nitrile",C4H7N,CCCC#N,Yes,"InChI=1S/C4H7N/c1-2-3-4-5/h2-3H2,1H3",KVNRLNFWIYMESJ-UHFFFAOYSA-N
2-Pentanol,C5H12O,CCCC(C)O,Yes,"InChI=1S/C5H12O/c1-3-4-5(2)6/h5-6H,3-4H2,1-2H3",JYVLIDXNZAXMDK-UHFFFAOYSA-N
"Hexane, 1-chloro",C6H13Cl,CCCCCCCl,Yes,"InChI=1S/C6H13Cl/c1-2-3-4-5-6-7/h2-6H2,1H3",MLRVZFYXUZQSRU-UHFFFAOYSA-N
1-Heptene,C7H14,C=CCCCCC,Yes,"InChI=1S/C7H14/c1-3-5-7-6-4-2/h3H,1,4-7H2,2H3",ZGEGCLOFRBLKSE-UHFFFAOYSA-N
1-Decene,C10H20,C=CCCCCCCCC,Yes,"InChI=1S/C10H20/c1-3-5-7-9-10-8-6-4-2/h3H,1,4-10H2,2H3",AFFLGGQVNFXPEV-UHFFFAOYSA-N
"Pentane, 2,3-dimethyl",C7H16,CCC(C)C(C)C,Yes,"InChI=1S/C7H16/c1-5-7(4)6(2)3/h6-7H,5H2,1-4H3",WGECXQBGLLYSFP-UHFFFAOYSA-N
"Pentane, 3-ethyl",C7H16,CCC(CC)CC,Yes,"InChI=1S/C7H16/c1-4-7(5-2)6-3/h7H,4-6H2,1-3H3",AORMDLNPRGXHHL-UHFFFAOYSA-N
Formic acid,CH2O2,O=CO,Yes,"InChI=1S/CH2O2/c2-1-3/h1H,(H,2,3)",BDAGIHXWWSANSR-UHFFFAOYSA-N
"Butane, 2-bromo",C4H9Br,CCC(C)Br,Yes,"InChI=1S/C4H9Br/c1-3-4(2)5/h4H,3H2,1-2H3",UPSXAPQYNGXVBF-UHFFFAOYSA-N
"Ether, dipropyl (isomer not specified)",C6H14O,CCCOCCC,Yes,"InChI=1S/C6H14O/c1-3-5-7-6-4-2/h3-6H2,1-2H3",POLCUAVZOMRGSN-UHFFFAOYSA-N
"Ethene, chloro",C2H3Cl,C=CCl,Yes,"InChI=1S/C2H3Cl/c1-2-3/h2H,1H2",BZHJMEDXRYGGRV-UHFFFAOYSA-N
